{"episode_rewards": [891.9007299269895, 875.0620689655011, 726.4727272727105, 869.5703703703547, 806.4164948453443, 805.5545150501499, 788.8321070233945, 832.7548172757371, 747.0260869565059, 839.1999999999899, 902.4999999999881, 796.3631205673636, 815.8666666666493, 874.7244755244602, 798.1898989898827], "mean": 824.6956052956681, "std": 49.76545784581826}