{"number_episodes": 8, "episode_rewards": [785.3999999999655, 730.0999999999501, 854.5999999999756, 813.2999999999643, 700.7999999999412, 721.9999999999511, 790.1999999999613, 872.899999999978], "mean_all_episodes": 783.6624999999609, "std_all_episodes": 58.58433957766678}