{"episode_rewards": [145.6337883959092, 232.02996389892132, 281.84444444444466, 320.18985507245986, 283.0168831168853, 292.5174496644289, 228.57132867133302, 183.85061728395553, 330.61161048688604, 384.39612403100045, 74.90000000000458, 118.29080459770543, 285.86491228069775, 221.9338983050893, 343.6086092715186], "mean": 248.48401930141603, "std": 84.95436360096119}